,Goodreads Link,Count,SOScore,Rating
0,https://www.goodreads.com/book/show/7604.Lolita,3,0.6693789267689773,3.89
1,https://www.goodreads.com/book/show/16981.Invisible_Man,3,0.6030312911096369,3.88
2,https://www.goodreads.com/book/show/10975.The_Sound_and_the_Fury,3,0.7255564387917329,3.86
3,https://www.goodreads.com/book/show/59716.To_the_Lighthouse,3,0.5844709783524316,3.78
4,https://www.goodreads.com/book/show/37781.Things_Fall_Apart,3,0.4028060486665539,3.69
5,https://www.goodreads.com/book/show/426504.Ficciones,2,1.7180158111568868,4.44
6,https://www.goodreads.com/book/show/45974.The_Book_of_Disquiet,2,1.9154668567355666,4.44
7,https://www.goodreads.com/book/show/4934.The_Brothers_Karamazov,2,1.379540370552418,4.32
8,https://www.goodreads.com/book/show/2657.To_Kill_a_Mockingbird,2,1.2422315093411316,4.28
9,https://www.goodreads.com/book/show/6759.Infinite_Jest,2,1.8599685508565753,4.28
10,https://www.goodreads.com/book/show/1885.Pride_and_Prejudice,2,1.3683396021524543,4.27
11,https://www.goodreads.com/book/show/7144.Crime_and_Punishment,2,1.1646340807849855,4.22
12,https://www.goodreads.com/book/show/18765.I_Claudius,2,0.9792061166886992,4.21
13,https://www.goodreads.com/book/show/40961427-1984,2,1.0021559173063452,4.19
14,https://www.goodreads.com/book/show/395058.The_Recognitions,2,1.2640807651434645,4.19
15,https://www.goodreads.com/book/show/394535.Blood_Meridian_or_the_Evening_Redness_in_the_West,2,1.182408677756817,4.17
16,https://www.goodreads.com/book/show/2526.Blindness,2,0.8676913890574287,4.14
17,https://www.goodreads.com/book/show/656.War_and_Peace,2,0.9980263949616912,4.12
18,https://www.goodreads.com/book/show/7805.Pale_Fire,2,1.0173573335970725,4.11
19,https://www.goodreads.com/book/show/88077.The_Magic_Mountain,2,0.9938851520373562,4.09
20,https://www.goodreads.com/book/show/4981.Slaughterhouse_Five,2,0.8403384066599762,4.08
21,https://www.goodreads.com/book/show/320.One_Hundred_Years_of_Solitude,2,1.1585813468741675,4.08
22,https://www.goodreads.com/book/show/5527.All_the_King_s_Men,2,0.7785624455838251,4.06
23,https://www.goodreads.com/book/show/30933.Brideshead_Revisited,2,0.6588798359067859,4.0
24,https://www.goodreads.com/book/show/49552.The_Stranger,2,0.6485815158506114,3.99
25,https://www.goodreads.com/book/show/37380.The_Heart_Is_a_Lonely_Hunter,2,0.643160319001123,3.98
26,https://www.goodreads.com/book/show/14836.Midnight_s_Children,2,0.7441767214668465,3.98
27,https://www.goodreads.com/book/show/168668.Catch_22,2,0.8037936242161594,3.98
28,https://www.goodreads.com/book/show/28381.Dead_Souls,2,0.6236911164808896,3.97
29,https://www.goodreads.com/book/show/4395.The_Grapes_of_Wrath,2,0.8417383818668601,3.97
30,https://www.goodreads.com/book/show/35743.The_Tin_Drum,2,0.7203573896732155,3.96
31,https://www.goodreads.com/book/show/331319.An_American_Tragedy,2,0.6604913866139509,3.95
32,https://www.goodreads.com/book/show/37415.Their_Eyes_Were_Watching_God,2,0.6124231049942654,3.94
33,https://www.goodreads.com/book/show/10979.Light_in_August,2,0.6337491667460242,3.92
34,https://www.goodreads.com/book/show/4671.The_Great_Gatsby,2,0.6540340979523628,3.92
35,https://www.goodreads.com/book/show/3836.Don_Quixote,2,0.6308292897729678,3.88
36,https://www.goodreads.com/book/show/6149.Beloved,2,0.6727110887948053,3.87
37,https://www.goodreads.com/book/show/6185.Wuthering_Heights,2,0.7004153532199421,3.86
38,https://www.goodreads.com/book/show/11908.The_Adventures_of_Augie_March,2,0.5629441086011242,3.84
39,https://www.goodreads.com/book/show/2956.The_Adventures_of_Huckleberry_Finn,2,0.5102703922053471,3.82
40,https://www.goodreads.com/book/show/5849.A_House_for_Mr_Biswas,2,0.4969258589511754,3.81
41,https://www.goodreads.com/book/show/5107.The_Catcher_in_the_Rye,2,0.6593498088786285,3.81
42,https://www.goodreads.com/book/show/2165.The_Old_Man_and_the_Sea,2,0.5699303063730151,3.79
43,https://www.goodreads.com/book/show/14942.Mrs_Dalloway,2,0.5488063701569302,3.79
44,https://www.goodreads.com/book/show/31072.Under_the_Volcano,2,0.646981396981397,3.78
45,https://www.goodreads.com/book/show/24100.The_Golden_Notebook,2,0.5553310680503261,3.76
46,https://www.goodreads.com/book/show/338798.Ulysses,2,0.8021679163914682,3.73
47,https://www.goodreads.com/book/show/76527.The_Life_and_Opinions_of_Tristram_Shandy_Gentleman,2,0.6706124549665465,3.73
48,https://www.goodreads.com/book/show/7042.The_Tale_of_Genji,2,0.456973293768546,3.72
49,https://www.goodreads.com/book/show/249.Tropic_of_Cancer,2,0.48890485312899107,3.67
50,https://www.goodreads.com/book/show/32071.Sons_and_Lovers,2,0.3536229985920566,3.63
51,https://www.goodreads.com/book/show/153747.Moby_Dick_or_the_Whale,2,0.5232206770524371,3.51
52,https://www.goodreads.com/book/show/24812.The_Complete_Calvin_and_Hobbes,1,6.809354910219463,4.81
53,https://www.goodreads.com/book/show/8.Harry_Potter_Boxed_Set_Books_1_5,1,6.437827665008737,4.79
54,https://www.goodreads.com/book/show/14742524-wheel-mouse-vs-all-the-crazy-robots,1,10.055555555555555,4.79
55,https://www.goodreads.com/book/show/11221285-the-way-of-kings-part-2,1,4.7117003367003365,4.79
56,https://www.goodreads.com/book/show/30842007-fruits-basket-collector-s-edition-vol-11,1,4.688311688311688,4.78
57,https://www.goodreads.com/book/show/54741.Toda_Mafalda,1,4.574351978171896,4.76
58,https://www.goodreads.com/book/show/17332218-words-of-radiance,1,4.0084465748324645,4.74
59,https://www.goodreads.com/book/show/10.Harry_Potter_Collection,1,4.509722722362262,4.73
60,https://www.goodreads.com/book/show/19276094-digger,1,3.7720588235294117,4.73
61,https://www.goodreads.com/book/show/862041.Harry_Potter_Series_Box_Set,1,4.4021580885501415,4.73
62,https://www.goodreads.com/book/show/17671956-the-sandman-omnibus-vol-2,1,4.0638297872340425,4.73
63,https://www.goodreads.com/book/show/22310399-the-dresden-files-omnibus,1,4.76,4.73
64,https://www.goodreads.com/book/show/8662494-jim-butcher-box-set-2,1,4.140127388535032,4.73
65,https://www.goodreads.com/book/show/59715.The_Authoritative_Calvin_and_Hobbes,1,3.6339324857518633,4.72
66,https://www.goodreads.com/book/show/2186848.The_Absolute_Sandman_Volume_Three,1,3.500984898227183,4.71
67,https://www.goodreads.com/book/show/1700210.Alexander_and_the_Magic_Mouse,1,3.3488372093023258,4.71
68,https://www.goodreads.com/book/show/7289715-percy-jackson-and-the-olympians-boxed-set,1,4.0606060606060606,4.7
69,https://www.goodreads.com/book/show/20749.Study_Bible,1,5.317769130998703,4.7
70,https://www.goodreads.com/book/show/24520.The_Complete_Aubrey_Maturin_Novels,1,3.9068100358422937,4.7
71,https://www.goodreads.com/book/show/30363799-fruits-basket-collector-s-edition-vol-10,1,3.1255230125523012,4.7
72,https://www.goodreads.com/book/show/1108124._,1,5.008190008190009,4.7
73,https://www.goodreads.com/book/show/70490.Something_Under_the_Bed_is_Drooling,1,3.190537084398977,4.69
74,https://www.goodreads.com/book/show/24818.The_Days_Are_Just_Packed,1,3.4796959391878377,4.68
75,https://www.goodreads.com/book/show/1025685.The_Absolute_Sandman_Volume_Two,1,3.0213675213675213,4.68
76,https://www.goodreads.com/book/show/50323.The_Complete_Far_Side_1980_1994,1,3.2827677977378578,4.68
77,https://www.goodreads.com/book/show/40949894-the-master-plan,1,2.7131147540983607,4.67
78,https://www.goodreads.com/book/show/13641963-firefly,1,2.835897435897436,4.67
79,https://www.goodreads.com/book/show/10954417-the-monster-in-the-hollows,1,2.743502051983584,4.67
80,https://www.goodreads.com/book/show/12198712-mercy-thompson-series-collection,1,2.806701030927835,4.67
81,https://www.goodreads.com/book/show/5309.The_Life_and_Times_of_Scrooge_McDuck,1,3.211904761904762,4.67
82,https://www.goodreads.com/book/show/399068.Andrew_Henry_s_Meadow,1,2.902061855670103,4.67
83,https://www.goodreads.com/book/show/9329354-the-way-of-kings-part-1,1,2.8933302878026494,4.66
84,https://www.goodreads.com/book/show/2337379.The_Harry_Potter_trilogy,1,3.8662420382165603,4.66
85,https://www.goodreads.com/book/show/91001.The_Battlefield_Where_the_Moon_Says_I_Love_You,1,3.2596153846153846,4.66
86,https://www.goodreads.com/book/show/619933.The_Dwindling_Party,1,2.925373134328358,4.66
87,https://www.goodreads.com/book/show/297226.Autumn_Sonata,1,3.01980198019802,4.66
88,https://www.goodreads.com/book/show/116654.I_Like_You,1,3.3448275862068964,4.66
89,https://www.goodreads.com/book/show/2084211.The_Island_of_the_World,1,3.21160409556314,4.66
90,https://www.goodreads.com/book/show/23753.The_Absolute_Sandman_Volume_One,1,2.982356932820629,4.65
91,https://www.goodreads.com/book/show/1321939.The_Ice_Cream_Cone_Coot_and_Other_Rare_Birds,1,3.6285714285714286,4.65
92,https://www.goodreads.com/book/show/978088.Facing_the_Lion,1,2.78515625,4.64
93,https://www.goodreads.com/book/show/784633.The_Wuggie_Norple_Story,1,3.3,4.64
94,https://www.goodreads.com/book/show/30688013-assassin-s-fate,1,2.7818930041152266,4.64
95,https://www.goodreads.com/book/show/9948.The_Infinite_Atonement,1,2.9962462462462462,4.64
96,https://www.goodreads.com/book/show/18336700-dissolving-illusions,1,5.298701298701299,4.64
97,https://www.goodreads.com/book/show/43070.The_Essential_Calvin_and_Hobbes,1,3.2125837393422656,4.64
98,https://www.goodreads.com/book/show/12064907-the-mercy-thompson-collection,1,2.587431693989071,4.64
99,https://www.goodreads.com/book/show/11872688-vampire-academy,1,3.57196261682243,4.64
100,https://www.goodreads.com/book/show/1282945.River_Of_Love,1,3.2564102564102564,4.63
101,https://www.goodreads.com/book/show/9814682-a-song-of-ice-and-fire,1,2.7185769424400066,4.63
102,https://www.goodreads.com/book/show/6545637-prophets-and-kings,1,3.9814814814814814,4.63
103,https://www.goodreads.com/book/show/985452.The_Weight_of_a_Mass,1,2.849557522123894,4.63
104,https://www.goodreads.com/book/show/18713259-worm,1,2.996153846153846,4.63
105,https://www.goodreads.com/book/show/15800524-ouran-high-school-host-club-complete-box-set,1,2.9087947882736156,4.63
106,https://www.goodreads.com/book/show/46292.The_Divan,1,3.851178451178451,4.63
107,https://www.goodreads.com/book/show/137756.A_Treasury_of_Great_Recipes,1,2.287878787878788,4.63
108,https://www.goodreads.com/book/show/7235533-the-way-of-kings,1,2.9327739613171437,4.62
109,https://www.goodreads.com/book/show/44288534-what-is-a-girl-worth,1,2.4713216957605986,4.62
110,https://www.goodreads.com/book/show/22052520-deadly-secrets,1,7.0,4.62
111,https://www.goodreads.com/book/show/136251.Harry_Potter_and_the_Deathly_Hallows,1,2.85869852680217,4.62
112,https://www.goodreads.com/book/show/46601.An_Echo_in_the_Darkness,1,2.62963282937365,4.62
113,https://www.goodreads.com/book/show/34964905-the-sun-does-shine,1,2.526216640502355,4.62
114,https://www.goodreads.com/book/show/49458.Ahead_of_All_Parting,1,2.7389162561576357,4.62
115,https://www.goodreads.com/book/show/481749.Jesus_the_Christ,1,3.7305863708399367,4.62
116,https://www.goodreads.com/book/show/28118570-fruits-basket-collector-s-edition-vol-2,1,2.1243781094527363,4.61
117,https://www.goodreads.com/book/show/6339989-vampire-academy-collection,1,3.057723076923077,4.61
118,https://www.goodreads.com/book/show/17927395-a-court-of-mist-and-fury,1,3.2714703730797368,4.61
119,https://www.goodreads.com/book/show/360455.Pawn_in_Frankincense,1,2.811466372657111,4.61
120,https://www.goodreads.com/book/show/842521.Frazz,1,2.0384615384615383,4.61
121,https://www.goodreads.com/book/show/54589.The_Complete_Peanuts_Vol_5,1,2.2751322751322753,4.6
122,https://www.goodreads.com/book/show/54595.The_Complete_Peanuts_Vol_4,1,2.273730684326711,4.6
123,https://www.goodreads.com/book/show/16123975-last-stand-of-dead-men,1,2.246451612903226,4.6
124,https://www.goodreads.com/book/show/20347555-pete-the-cat-pack,1,3.5,4.6
125,https://www.goodreads.com/book/show/17061414-victim-of-grace,1,2.557894736842105,4.6
126,https://www.goodreads.com/book/show/5546.The_Feynman_Lectures_on_Physics,1,2.5712799167533817,4.6
127,https://www.goodreads.com/book/show/77727.Calvin_and_Hobbes,1,2.93664030261348,4.6
128,https://www.goodreads.com/book/show/32324555-the-empty-grave,1,1.9692685925015365,4.6
129,https://www.goodreads.com/book/show/30.J_R_R_Tolkien_4_Book_Boxed_Set,1,2.6587447085097162,4.6
130,https://www.goodreads.com/book/show/82871.Love_and_Rockets_Vol_7,1,2.311688311688312,4.6
131,https://www.goodreads.com/book/show/2324981.The_Giant_Golden_Book_of_Elves_and_Fairies_with_Assorted_Pixies_Mermaids_Brownies_Witches_and_Leprechauns,1,2.7777777777777777,4.6
132,https://www.goodreads.com/book/show/529197.The_Art_of_Michael_Whelan,1,2.36697247706422,4.59
133,https://www.goodreads.com/book/show/6443349-percy-jackson-and-the-olympians-boxed-set,1,2.5326477512080285,4.59
134,https://www.goodreads.com/book/show/6285955-collected-stories,1,2.471624266144814,4.59
135,https://www.goodreads.com/book/show/71252.The_Kindly_Ones,1,2.175145457257944,4.59
136,https://www.goodreads.com/book/show/875035.Christina_Katerina_the_Box,1,2.488372093023256,4.59
137,https://www.goodreads.com/book/show/33831311-jasmine,1,2.084788029925187,4.59
138,https://www.goodreads.com/book/show/20342617-just-mercy,1,2.640096501809409,4.59
139,https://www.goodreads.com/book/show/551206.Peanuts_Treasury,1,2.314814814814815,4.59
140,https://www.goodreads.com/book/show/15767586-styxx,1,2.9581573124119895,4.58
141,https://www.goodreads.com/book/show/8079108-wherever-you-are-my-love-will-find-you,1,2.5697167755991286,4.58
142,https://www.goodreads.com/book/show/120694.Nutshell_Library,1,2.7268041237113403,4.58
143,https://www.goodreads.com/book/show/14978955-the-insanity-of-god,1,2.412388392857143,4.58
144,https://www.goodreads.com/book/show/10579400-yoga-and-vipassana,1,2.791044776119403,4.58
145,https://www.goodreads.com/book/show/3781901-preying-for-mercy,1,2.2093023255813953,4.58
146,https://www.goodreads.com/book/show/17961.Collected_Fictions,1,2.4082998661311916,4.58
147,https://www.goodreads.com/book/show/16074851-of-witches-and-wind,1,2.194244604316547,4.58
148,https://www.goodreads.com/book/show/566890.The_Ghost_of_Opalina,1,2.0,4.58
149,https://www.goodreads.com/book/show/371000.Like_a_Thousand_Suns,1,2.4166666666666665,4.58
150,https://www.goodreads.com/book/show/9934732-bloom-county-complete-library-volume-2-signed-limited-edition,1,2.2111553784860556,4.58
151,https://www.goodreads.com/book/show/351198.The_Ringed_Castle,1,2.1963562753036436,4.58
152,https://www.goodreads.com/book/show/6261544-yotsuba-tome-8,1,1.9923497267759562,4.58
153,https://www.goodreads.com/book/show/346092.Wizard_by_Trade,1,2.1920199501246884,4.58
154,https://www.goodreads.com/book/show/17465709-braiding-sweetgrass,1,2.625157913733983,4.58
155,https://www.goodreads.com/book/show/28335698-tiamat-s-wrath,1,1.8104938271604938,4.57
156,https://www.goodreads.com/book/show/27840861-crooked-kingdom,1,2.198302882042657,4.57
157,https://www.goodreads.com/book/show/22219682-player-s-handbook,1,2.02602884277172,4.57
158,https://www.goodreads.com/book/show/17938451-will-you-love-me,1,2.1207729468599035,4.57
159,https://www.goodreads.com/book/show/5.Harry_Potter_and_the_Prisoner_of_Azkaban,1,2.182781455475554,4.57
160,https://www.goodreads.com/book/show/1.Harry_Potter_and_the_Half_Blood_Prince,1,2.1983250287117495,4.57
161,https://www.goodreads.com/book/show/18467731-vampire-academy,1,2.6824324324324325,4.57
162,https://www.goodreads.com/book/show/912672.Horses_of_the_Sun,1,2.18,4.57
163,https://www.goodreads.com/book/show/6181.If_This_Is_a_Man_The_Truce,1,1.9686643164904034,4.57
164,https://www.goodreads.com/book/show/247962.The_Road_Home,1,2.1097560975609757,4.57
165,https://www.goodreads.com/book/show/11106458-the-mortal-instruments,1,2.6162477558348294,4.57
166,https://www.goodreads.com/book/show/9832370-bookrags-summary,1,2.4984307278433717,4.57
167,https://www.goodreads.com/book/show/9664367-prince-valiant-vol-4,1,1.8135593220338984,4.57
168,https://www.goodreads.com/book/show/21853621-the-nightingale,1,2.359304935372917,4.57
169,https://www.goodreads.com/book/show/36257401-making-payments,1,1.6666666666666667,4.57
170,https://www.goodreads.com/book/show/12190216-marilyn-monroe,1,2.4395604395604398,4.57
171,https://www.goodreads.com/book/show/763114.Coming_Out_of_the_Ice,1,2.007575757575758,4.57
172,https://www.goodreads.com/book/show/2363958.Grande_Sert_o,1,2.975635593220339,4.57
173,https://www.goodreads.com/book/show/6604209-mistborn-trilogy-boxed-set,1,2.1144534647723976,4.57
174,https://www.goodreads.com/book/show/19486421-skin-game,1,1.7934692589817407,4.56
175,https://www.goodreads.com/book/show/129909.The_Boy_Who_Was_Raised_as_a_Dog,1,1.9933230611196713,4.56
176,https://www.goodreads.com/book/show/2299110.Acheron,1,2.75064680791553,4.56
177,https://www.goodreads.com/book/show/6.Harry_Potter_and_the_Goblet_of_Fire,1,2.1007953392388226,4.56
178,https://www.goodreads.com/book/show/4504314-the-blueberry-pie-elf,1,1.8444444444444446,4.56
179,https://www.goodreads.com/book/show/16088905-everyday-saints-and-other-stories,1,2.764872521246459,4.56
180,https://www.goodreads.com/book/show/652386.Miss_Suzy,1,2.236220472440945,4.56
181,https://www.goodreads.com/book/show/78536.In_God_s_Underground,1,2.4098360655737703,4.56
182,https://www.goodreads.com/book/show/729348.The_Complete_Novels_of_Jane_Austen,1,2.6832046576382735,4.56
183,https://www.goodreads.com/book/show/95617.A_Voice_in_the_Wind,1,2.9459736614853194,4.56
184,https://www.goodreads.com/book/show/34837005-the-lost-words,1,2.3308189655172415,4.56
185,https://www.goodreads.com/book/show/18335634-clockwork-princess,1,2.538168335341282,4.56
186,https://www.goodreads.com/book/show/1081710.Dorrie_and_the_Witch_Doctor,1,1.8484848484848484,4.56
187,https://www.goodreads.com/book/show/6485421-the-mortal-instruments-boxed-set,1,2.702892610375922,4.56
188,https://www.goodreads.com/book/show/8718952-vampire-academy-box-set,1,3.0785590277777777,4.56
189,https://www.goodreads.com/book/show/727913.Comedies_Histories_and_Tragedies,1,2.3157894736842106,4.56
190,https://www.goodreads.com/book/show/746377.When_the_Sun_Rose,1,2.7719298245614037,4.56
191,https://www.goodreads.com/book/show/12174312-percepliquis,1,1.876502732240437,4.56
192,https://www.goodreads.com/book/show/1215032.The_Wise_Man_s_Fear,1,2.2475352566288525,4.55
193,https://www.goodreads.com/book/show/24469601-chasing-abby,1,1.9876288659793815,4.55
194,https://www.goodreads.com/book/show/67514.The_Lord_of_the_Rings,1,2.6532220676866016,4.55
195,https://www.goodreads.com/book/show/17333174-magic-binds,1,1.7476487476487477,4.55
196,https://www.goodreads.com/book/show/21315746-operation-rhino,1,2.018867924528302,4.55
197,https://www.goodreads.com/book/show/436268.The_New_Annotated_Sherlock_Holmes,1,2.1176470588235294,4.55
198,https://www.goodreads.com/book/show/1414.The_Riverside_Shakespeare,1,2.7184115523465704,4.55
199,https://www.goodreads.com/book/show/209967.Absolute_Planetary_Book_One,1,2.191146881287726,4.55
200,https://www.goodreads.com/book/show/12878300-fearless,1,2.317442385901491,4.55
201,https://www.goodreads.com/book/show/4988505-dostoevsky,1,2.192982456140351,4.54
202,https://www.goodreads.com/book/show/25101.Season_of_Mists,1,1.779001767985856,4.54
203,https://www.goodreads.com/book/show/28439264-spaceman,1,1.7333333333333334,4.54
204,https://www.goodreads.com/book/show/8250.The_Little_House_Collection,1,2.1570319240724762,4.54
205,https://www.goodreads.com/book/show/264892.Century_of_the_Wind,1,2.011142061281337,4.54
206,https://www.goodreads.com/book/show/54597.The_Complete_Peanuts_Vol_3,1,1.9833585476550681,4.54
207,https://www.goodreads.com/book/show/181400.The_Tale_of_Three_Trees,1,2.1669166488107994,4.54
208,https://www.goodreads.com/book/show/18006496-queen-of-shadows,1,2.237931167976462,4.54
209,https://www.goodreads.com/book/show/3165162-percy-jackson-and-the-olympians,1,2.492606527255228,4.54
210,https://www.goodreads.com/book/show/7456105-ramayana,1,1.8585209003215435,4.54
211,https://www.goodreads.com/book/show/15195.The_Complete_Maus,1,2.027092957989724,4.54
212,https://www.goodreads.com/book/show/24019187-humans-of-new-york,1,2.1606177606177606,4.54
213,https://www.goodreads.com/book/show/25105.Brief_Lives,1,1.895109050930053,4.54
214,https://www.goodreads.com/book/show/44234.The_Civil_War,1,2.2870952150797486,4.53
215,https://www.goodreads.com/book/show/18378187-kriget-har-inget-kvinnligt-ansikte,1,1.8043243243243243,4.53
216,https://www.goodreads.com/book/show/22693240-taking-charge-of-your-fertility,1,1.8785529715762275,4.53
217,https://www.goodreads.com/book/show/5883777-the-holy-bible,1,4.9712357383898444,4.53
218,https://www.goodreads.com/book/show/28260587-empire-of-storms,1,2.338048417747666,4.53
219,https://www.goodreads.com/book/show/89959.The_Constitution_of_the_United_States_of_America,1,2.926561988877985,4.53
220,https://www.goodreads.com/book/show/486749.Material_World,1,1.9280155642023347,4.53
221,https://www.goodreads.com/book/show/49006.The_Darkest_Hour,1,2.1208881578947367,4.53
222,https://www.goodreads.com/book/show/38746485-becoming,1,1.9888964581043922,4.53
223,https://www.goodreads.com/book/show/1659630.The_Cry_and_the_Covenant,1,1.8777777777777778,4.53
224,https://www.goodreads.com/book/show/924094.The_Four_Seasons_of_Brambly_Hedge,1,2.112676056338028,4.53
225,https://www.goodreads.com/book/show/62291.A_Storm_of_Swords,1,1.8280409796376054,4.53
226,https://www.goodreads.com/book/show/12127810-the-house-of-hades,1,1.9758515027821104,4.53
227,https://www.goodreads.com/book/show/2765547-the-lost-queen-of-egypt,1,2.3934426229508197,4.53
228,https://www.goodreads.com/book/show/157985.Shahnameh,1,2.4568744662681468,4.52
229,https://www.goodreads.com/book/show/2193503.The_Inclusive_Bible,1,1.7317073170731707,4.52
230,https://www.goodreads.com/book/show/18085418-jesus,1,1.8043264503441494,4.52
231,https://www.goodreads.com/book/show/764630.New_Collected_Poems,1,2.0704225352112675,4.52
232,https://www.goodreads.com/book/show/6569305-eye-to-eye,1,2.0943396226415096,4.52
233,https://www.goodreads.com/book/show/300946.The_Red_Tree,1,1.92175899486008,4.52
234,https://www.goodreads.com/book/show/186074.The_Name_of_the_Wind,1,2.4430241424360015,4.52
235,https://www.goodreads.com/book/show/90925.Dorrie_and_the_Blue_Witch,1,1.614814814814815,4.52
236,https://www.goodreads.com/book/show/12708927-vampire-academy,1,2.1777032690695726,4.52
237,https://www.goodreads.com/book/show/11334129-where-did-the-towers-go,1,3.1315789473684212,4.52
238,https://www.goodreads.com/book/show/28495.Sculpting_in_Time,1,1.870052277819268,4.52
239,https://www.goodreads.com/book/show/23264671-godsgrave,1,1.739527531395451,4.52
240,https://www.goodreads.com/book/show/7159797-absolute-planetary-book-two,1,2.2955032119914347,4.52
241,https://www.goodreads.com/book/show/30060664-the-cat-s-maw,1,2.789473684210526,4.52
242,https://www.goodreads.com/book/show/20176578-the-complete-elfquest-volume-one,1,2.014925373134328,4.52
243,https://www.goodreads.com/book/show/732139.Nausica_of_the_Valley_of_the_Wind_Vol_2,1,1.762310606060606,4.52
244,https://www.goodreads.com/book/show/3583.The_New_Annotated_Sherlock_Holmes,1,1.871947194719472,4.52
245,https://www.goodreads.com/book/show/8362.Animal,1,2.021505376344086,4.52
246,https://www.goodreads.com/book/show/17131869-saga-vol-2,1,1.6120983203136177,4.52
247,https://www.goodreads.com/book/show/55734.The_Mysteries_of_Harris_Burdick,1,2.1309953584321817,4.52
248,https://www.goodreads.com/book/show/25104.The_Wake,1,1.826342506011221,4.52
249,https://www.goodreads.com/book/show/54594.The_Complete_Peanuts_Vol_2,1,1.787313432835821,4.52
250,https://www.goodreads.com/book/show/23922381-the-creeping-shadow,1,1.444348389885455,4.51
251,https://www.goodreads.com/book/show/48462.Collected_Works,1,2.0058881256133465,4.51
252,https://www.goodreads.com/book/show/7841665-zooborns,1,1.625,4.51
253,https://www.goodreads.com/book/show/288772.Pilots_Choice,1,1.5913978494623655,4.51
254,https://www.goodreads.com/book/show/24819508-finding-winnie,1,1.8311493822538376,4.51
255,https://www.goodreads.com/book/show/40597807-the-last-girl,1,1.6471245114461195,4.51
256,https://www.goodreads.com/book/show/13595016-spectrum-19,1,1.9545454545454546,4.51
257,https://www.goodreads.com/book/show/27422533-wildfire,1,1.7828981587433683,4.51
258,https://www.goodreads.com/book/show/186393.The_Complete_Poetry,1,2.0166204986149583,4.51
259,https://www.goodreads.com/book/show/32075671-the-hate-u-give,1,1.8443191956999543,4.51
260,https://www.goodreads.com/book/show/5986375-this-is-water,1,1.8590646215740507,4.51
261,https://www.goodreads.com/book/show/567685.Alive_Together,1,1.7615384615384615,4.51
262,https://www.goodreads.com/book/show/22424.Transmetropolitan_Vol_10,1,2.135276967930029,4.51
263,https://www.goodreads.com/book/show/19358975-saga-vol-3,1,1.612467738733373,4.51
264,https://www.goodreads.com/book/show/24909347-obsidio,1,1.6961513466676295,4.51
265,https://www.goodreads.com/book/show/18881367-fatal-jeopardy,1,1.6957671957671958,4.51
266,https://www.goodreads.com/book/show/63114.Poems_of_Fernando_Pessoa,1,1.8069727891156462,4.51
267,https://www.goodreads.com/book/show/171351.Out_of_the_Night,1,2.1159420289855073,4.5
268,https://www.goodreads.com/book/show/17368237-how-to-betray-a-dragon-s-hero,1,1.639836289222374,4.5
269,https://www.goodreads.com/book/show/427696.Winter_Stars,1,1.9885057471264367,4.5
270,https://www.goodreads.com/book/show/778098.Some_Love_Some_Pain_Sometime,1,1.8635294117647059,4.5
271,https://www.goodreads.com/book/show/33.The_Lord_of_the_Rings,1,2.0873039099297084,4.5
272,https://www.goodreads.com/book/show/18289396-seeking-allah-finding-jesus,1,2.4279156749404964,4.5
273,https://www.goodreads.com/book/show/233712.The_PreHistory_of_The_Far_Side,1,1.7471374045801527,4.5
274,https://www.goodreads.com/book/show/67375.The_Soul_of_Rumi,1,1.8401433691756273,4.49
275,https://www.goodreads.com/book/show/25663961-how-not-to-die,1,1.883779055236191,4.49
276,https://www.goodreads.com/book/show/252454.Richard_Halliburton_s_Complete_Book_of_Marvels,1,1.8734177215189873,4.49
277,https://www.goodreads.com/book/show/29483226-all-in,1,1.6284023668639054,4.49
278,https://www.goodreads.com/book/show/6585201-changes,1,1.7374833110814418,4.49
279,https://www.goodreads.com/book/show/12119529-magic-breaks,1,1.5494397241719,4.49
280,https://www.goodreads.com/book/show/13246997-armed-dangerous,1,1.739819004524887,4.49
281,https://www.goodreads.com/book/show/36535631-the-true-story-of-fake-news,1,2.533980582524272,4.48
282,https://www.goodreads.com/book/show/30312891-lord-of-shadows,1,1.653890066873267,4.47
283,https://www.goodreads.com/book/show/36809135-where-the-crawdads-sing,1,1.7226694567856893,4.47
284,https://www.goodreads.com/book/show/20613470-heir-of-fire,1,1.7403664347299954,4.47
285,https://www.goodreads.com/book/show/188572.The_Complete_Sherlock_Holmes,1,1.6478112736896542,4.47
286,https://www.goodreads.com/book/show/36373560-indianapolis,1,1.4537185660781167,4.47
287,https://www.goodreads.com/book/show/33555224-thunderhead,1,1.3910780219115066,4.46
288,https://www.goodreads.com/book/show/25326619-sunstone-vol-3,1,1.4891209747606615,4.46
289,https://www.goodreads.com/book/show/25138567-the-caphenon,1,1.956896551724138,4.46
290,https://www.goodreads.com/book/show/18693771-the-body-keeps-the-score,1,1.89440569005608,4.46
291,https://www.goodreads.com/book/show/34964998-when-they-call-you-a-terrorist,1,1.614218141346689,4.46
292,https://www.goodreads.com/book/show/12216302-cold-days,1,1.464499957754809,4.46
293,https://www.goodreads.com/book/show/814318._,1,2.4287118977384465,4.46
294,https://www.goodreads.com/book/show/33118312-refugee,1,1.5663486556808326,4.46
295,https://www.goodreads.com/book/show/250601.Homebodies,1,1.540983606557377,4.46
296,https://www.goodreads.com/book/show/1120825.Fruits_Basket_Vol_6,1,1.717670286278381,4.45
297,https://www.goodreads.com/book/show/537524.Life_and_Fate,1,1.6997336884154461,4.45
298,https://www.goodreads.com/book/show/10025305-clockwork-prince,1,1.685150680245096,4.43
299,https://www.goodreads.com/book/show/51022071-catch-and-kill,1,1.305735274295727,4.43
300,https://www.goodreads.com/book/show/23569447-under-my-skin,1,1.7019230769230769,4.42
301,https://www.goodreads.com/book/show/17158513-captive-prince,1,1.5208423126654762,4.42
302,https://www.goodreads.com/book/show/22702641-1000-days-of-spring,1,1.8867924528301887,4.42
303,https://www.goodreads.com/book/show/23118989-out-of-the-darkness,1,1.5714285714285714,4.42
304,https://www.goodreads.com/book/show/17167166-crown-of-midnight,1,1.4333658264865619,4.41
305,https://www.goodreads.com/book/show/36373564-the-simple-wild,1,1.3706112852664576,4.41
306,https://www.goodreads.com/book/show/13083239-the-fantastic-flying-books-of-mr-morris-lessmore,1,2.0163645518630413,4.41
307,https://www.goodreads.com/book/show/72910.The_Gift,1,1.9358390280941533,4.4
308,https://www.goodreads.com/book/show/1111.The_Power_Broker,1,2.051456517116734,4.39
309,https://www.goodreads.com/book/show/6357419-the-poems-of-leopardi,1,1.563564875491481,4.38
310,https://www.goodreads.com/book/show/4406.East_of_Eden,1,1.4892150454572464,4.38
311,https://www.goodreads.com/book/show/430335.Eloise_Wilkin_s_Poems_to_Read_to_the_Very_Young,1,1.5930232558139534,4.38
312,https://www.goodreads.com/book/show/5693.Selected_Stories_of_Anton_Chekhov,1,1.2923213996436094,4.37
313,https://www.goodreads.com/book/show/472331.Watchmen,1,1.4847403487317885,4.36
314,https://www.goodreads.com/book/show/1258536.Poems_of_Paul_Celan,1,1.5539568345323742,4.36
315,https://www.goodreads.com/book/show/299869.I_Am_That,1,2.1670731707317072,4.35
316,https://www.goodreads.com/book/show/22904.The_Complete_Stories,1,1.2299951620706338,4.35
317,https://www.goodreads.com/book/show/18796.In_Search_of_Lost_Time,1,1.8527980535279804,4.35
318,https://www.goodreads.com/book/show/1295735.The_Collected_Tales_of_Edgar_Allan_Poe,1,1.1939092604101926,4.34
319,https://www.goodreads.com/book/show/125447.The_Orchard,1,1.7951388888888888,4.34
320,https://www.goodreads.com/book/show/7171637-clockwork-angel,1,1.3811885343113106,4.32
321,https://www.goodreads.com/book/show/68086.The_Maltese_Falcon_The_Thin_Man_Red_Harvest,1,1.0261958997722096,4.31
322,https://www.goodreads.com/book/show/18405.Gone_with_the_Wind,1,1.473973231542327,4.3
323,https://www.goodreads.com/book/show/117833.The_Master_and_Margarita,1,1.3819414963511027,4.29
324,https://www.goodreads.com/book/show/28434.JR,1,1.5247524752475248,4.29
325,https://www.goodreads.com/book/show/1785216.Mahabharata,1,1.2059465357337698,4.29
326,https://www.goodreads.com/book/show/12279.Molloy_Malone_Dies_The_Unnamable,1,1.3217077570655442,4.28
327,https://www.goodreads.com/book/show/5695.Demons,1,1.1265196905357455,4.28
328,https://www.goodreads.com/book/show/193408.Darconville_s_Cat,1,1.266304347826087,4.28
329,https://www.goodreads.com/book/show/46306.The_Complete_Fairy_Tales,1,1.062200956937799,4.27
330,https://www.goodreads.com/book/show/11656.Rabbit_Angstrom,1,1.1901306240928882,4.26
331,https://www.goodreads.com/book/show/7126.The_Count_of_Monte_Cristo,1,1.1834103144593011,4.26
332,https://www.goodreads.com/book/show/12172.Memoirs_of_Hadrian,1,1.1611435239206533,4.25
333,https://www.goodreads.com/book/show/1158380.History,1,1.206677265500795,4.25
334,https://www.goodreads.com/book/show/30735.The_Complete_Essays,1,1.1082754738224807,4.24
335,https://www.goodreads.com/book/show/527756.The_Man_Without_Qualities,1,1.3025974025974025,4.23
336,https://www.goodreads.com/book/show/100915.The_Lion_the_Witch_and_the_Wardrobe,1,1.022762123685986,4.22
337,https://www.goodreads.com/book/show/254316.Cancer_Ward,1,0.8883176235361325,4.22
338,https://www.goodreads.com/book/show/12395.Journey_to_the_End_of_the_Night,1,1.1424469500665313,4.22
339,https://www.goodreads.com/book/show/25942786-the-mind-illuminated,1,1.8396436525612472,4.21
340,https://www.goodreads.com/book/show/37688046-the-darkest-legacy,1,0.9200515796260477,4.21
341,https://www.goodreads.com/book/show/27426.The_Death_of_Virgil,1,1.2584033613445378,4.19
342,https://www.goodreads.com/book/show/128436.Love_Poems_from_God,1,1.6267465069860279,4.19
343,https://www.goodreads.com/book/show/5470.1984,1,1.0021486370610324,4.19
344,https://www.goodreads.com/book/show/332613.One_Flew_Over_the_Cuckoo_s_Nest,1,0.8544955117566536,4.19
345,https://www.goodreads.com/book/show/31602.Romancero_gitano,1,0.9580442682523951,4.18
346,https://www.goodreads.com/book/show/12505.The_Idiot,1,0.9223915731760008,4.18
347,https://www.goodreads.com/book/show/103159.The_Forsyte_Saga,1,0.8960600783630823,4.17
348,https://www.goodreads.com/book/show/25932.Lost_Illusions,1,0.925158860908449,4.17
349,https://www.goodreads.com/book/show/13033.The_Alexandria_Quartet,1,1.1706806282722513,4.17
350,https://www.goodreads.com/book/show/77287.Independent_People,1,0.9579945799457995,4.17
351,https://www.goodreads.com/book/show/80890.Buddenbrooks,1,0.9079642792053946,4.16
352,https://www.goodreads.com/book/show/141152.Ramayana,1,0.9439315469488854,4.14
353,https://www.goodreads.com/book/show/19302.Pippi_Longstocking,1,0.8981778955514387,4.13
354,https://www.goodreads.com/book/show/119073.The_Name_of_the_Rose,1,0.8711470142625777,4.13
355,https://www.goodreads.com/book/show/10210.Jane_Eyre,1,0.9879259065600546,4.13
356,https://www.goodreads.com/book/show/27494.Leaves_of_Grass,1,0.9541480697556711,4.12
357,https://www.goodreads.com/book/show/2364284._,1,0.9960247758158455,4.11
358,https://www.goodreads.com/book/show/12749.Swann_s_Way,1,1.0965742405602348,4.11
359,https://www.goodreads.com/book/show/38447.The_Handmaid_s_Tale,1,0.8338277342591758,4.11
360,https://www.goodreads.com/book/show/469361.The_Sot_Weed_Factor,1,0.855,4.09
361,https://www.goodreads.com/book/show/24835.The_Sot_Weed_Factor,1,0.855,4.09
362,https://www.goodreads.com/book/show/22590.Ubik,1,0.6975145961725592,4.08
363,https://www.goodreads.com/book/show/413.Mason_Dixon,1,0.9265033407572383,4.08
364,https://www.goodreads.com/book/show/18386.The_Death_of_Ivan_Ilych,1,0.6704627360530488,4.08
365,https://www.goodreads.com/book/show/53639.Zorba_the_Greek,1,0.8644184082752797,4.07
366,https://www.goodreads.com/book/show/15823480-anna-karenina,1,0.8289042953679239,4.06
367,https://www.goodreads.com/book/show/38787.Pedro_P_ramo,1,0.7999018470598733,4.06
368,https://www.goodreads.com/book/show/1715.Metamorphoses,1,0.7183717690759944,4.06
369,https://www.goodreads.com/book/show/33897.The_Book_of_Job,1,0.9821428571428571,4.06
370,https://www.goodreads.com/book/show/152.Anna_Karenina,1,0.828891259553698,4.06
371,https://www.goodreads.com/book/show/55160645-a-dance-for-the-gods,1,0.8,4.05
372,https://www.goodreads.com/book/show/19494.The_Spy_Who_Came_In_from_the_Cold,1,0.6055319326329831,4.05
373,https://www.goodreads.com/book/show/32585.Hunger,1,0.6949344758064516,4.05
374,https://www.goodreads.com/book/show/16810.The_Berlin_Stories,1,0.5532724505327246,4.04
375,https://www.goodreads.com/book/show/93101.The_Arabian_Nights,1,0.7063227466807043,4.04
376,https://www.goodreads.com/book/show/6656.The_Divine_Comedy,1,0.7761525442151519,4.04
377,https://www.goodreads.com/book/show/7723.The_Metamorphosis_and_Other_Stories,1,0.6584987285756745,4.03
378,https://www.goodreads.com/book/show/1420.Hamlet,1,0.7266564607472334,4.03
379,https://www.goodreads.com/book/show/11989.The_Plague,1,0.5711770929895035,4.01
380,https://www.goodreads.com/book/show/17143.Go_Tell_It_on_the_Mountain,1,0.600108121859696,4.01
381,https://www.goodreads.com/book/show/2187.Middlesex,1,0.7907186946631318,4.01
382,https://www.goodreads.com/book/show/58696.David_Copperfield,1,0.6736961816749051,4.0
383,https://www.goodreads.com/book/show/127047.Diary_of_a_Madman_and_Other_Stories,1,0.5586061246040127,4.0
384,https://www.goodreads.com/book/show/5129.Brave_New_World,1,0.660092350383325,3.99
385,https://www.goodreads.com/book/show/227463.A_Clockwork_Orange,1,0.6938120106807303,3.99
386,https://www.goodreads.com/book/show/919347.Native_Son,1,0.6589764354988444,3.99
387,https://www.goodreads.com/book/show/13079982-fahrenheit-451,1,0.6555406279440728,3.99
388,https://www.goodreads.com/book/show/15622.Native_Son,1,0.6589696993639632,3.99
389,https://www.goodreads.com/book/show/355697.All_Quiet_on_the_Western_Front,1,0.7204302762176692,3.99
390,https://www.goodreads.com/book/show/7104.1919,1,0.5431701030927835,3.98
391,https://www.goodreads.com/book/show/2052.The_Big_Sleep,1,0.6209331787918811,3.98
392,https://www.goodreads.com/book/show/3692.The_Heart_of_the_Matter,1,0.5159505005907593,3.98
393,https://www.goodreads.com/book/show/19089.Middlemarch,1,0.7712004562303963,3.98
394,https://www.goodreads.com/book/show/223229.Middlemarch_Silas_Marner_Amos_Barton,1,0.628175519630485,3.98
395,https://www.goodreads.com/book/show/30005.Red_Harvest,1,0.540992340992341,3.97
396,https://www.goodreads.com/book/show/5809.V_,1,0.6217749313815187,3.97
397,https://www.goodreads.com/book/show/450750.The_Destinies_of_Darcy_Dancer_Gentleman,1,0.44841269841269843,3.97
398,https://www.goodreads.com/book/show/46170.For_Whom_the_Bell_Tolls,1,0.6174394915973106,3.97
399,https://www.goodreads.com/book/show/103104.Njal_s_Saga,1,0.5327066196631414,3.97
400,https://www.goodreads.com/book/show/373755.Absalom_Absalom_,1,0.8066639243109831,3.97
401,https://www.goodreads.com/book/show/577283.The_Confessions_of_Nat_Turner,1,0.5669632123106516,3.96
402,https://www.goodreads.com/book/show/333538.The_Castle,1,0.6013340956737183,3.96
403,https://www.goodreads.com/book/show/415.Gravity_s_Rainbow,1,1.062669152583148,3.96
404,https://www.goodreads.com/book/show/17690.The_Trial,1,0.6371355513974102,3.96
405,https://www.goodreads.com/book/show/3690.The_Power_and_the_Glory,1,0.5723629210720432,3.96
406,https://www.goodreads.com/book/show/78433.The_Blind_Assassin,1,0.5697146242717488,3.95
407,https://www.goodreads.com/book/show/7613.Animal_Farm,1,0.6616869606075592,3.95
408,https://www.goodreads.com/book/show/16113.A_Dance_to_the_Music_of_Time,1,0.7528975428836346,3.95
409,https://www.goodreads.com/book/show/30653853-the-upside-of-unrequited,1,0.559964513267199,3.94
410,https://www.goodreads.com/book/show/17728.The_House_of_Mirth,1,0.619726433750824,3.94
411,https://www.goodreads.com/book/show/14706.Faust_First_Part,1,0.6072191878413679,3.93
412,https://www.goodreads.com/book/show/11650.American_Pastoral,1,0.6160743047353162,3.92
413,https://www.goodreads.com/book/show/18452.The_Painted_Bird,1,0.6124804220591872,3.92
414,https://www.goodreads.com/book/show/51019.Cat_s_Eye,1,0.4973967920063108,3.92
415,https://www.goodreads.com/book/show/9712.Love_in_the_Time_of_Cholera,1,0.6671727343144849,3.92
416,https://www.goodreads.com/book/show/243598.The_Sheltering_Sky,1,0.5704993705413345,3.91
417,https://www.goodreads.com/book/show/531262.A_Handful_of_Dust,1,0.45560622317596566,3.91
418,https://www.goodreads.com/book/show/545951.Death_Comes_for_the_Archbishop,1,0.5683395468884428,3.91
419,https://www.goodreads.com/book/show/6867.Atonement,1,0.5841448307224287,3.91
420,https://www.goodreads.com/book/show/8690948-death-comes-for-the-archbishop,1,0.5682743591214084,3.91
421,https://www.goodreads.com/book/show/113091.A_Death_in_the_Family,1,0.5770683562812233,3.91
422,https://www.goodreads.com/book/show/12938.King_Lear,1,0.6078841157691902,3.91
423,https://www.goodreads.com/book/show/3101965-othello,1,0.5194661535374531,3.9
424,https://www.goodreads.com/book/show/156182.The_Tunnel,1,0.962171052631579,3.9
425,https://www.goodreads.com/book/show/48328.Revolutionary_Road,1,0.5658433580752495,3.9
426,https://www.goodreads.com/book/show/37732.Are_You_There_God_It_s_Me_Margaret,1,0.5742799910972624,3.9
427,https://www.goodreads.com/book/show/59950.The_Sound_of_the_Mountain,1,0.48971650917176207,3.9
428,https://www.goodreads.com/book/show/22328.Neuromancer,1,0.6992663279751083,3.9
429,https://www.goodreads.com/book/show/12996.Othello,1,0.5194938845237544,3.9
430,https://www.goodreads.com/book/show/3068.The_Assistant,1,0.45828533816027645,3.9
431,https://www.goodreads.com/book/show/310612.A_Confederacy_of_Dunces,1,0.8510687092927255,3.89
432,https://www.goodreads.com/book/show/752900.Medea,1,0.519600330110823,3.89
433,https://www.goodreads.com/book/show/97333.At_Swim_Two_Birds,1,0.6744072750893148,3.89
434,https://www.goodreads.com/book/show/890.Of_Mice_and_Men,1,0.5692149974305053,3.88
435,https://www.goodreads.com/book/show/51799.The_Decameron,1,0.5125719628007676,3.88
436,https://www.goodreads.com/book/show/14662.The_Red_and_the_Black,1,0.5661470465269067,3.88
437,https://www.goodreads.com/book/show/175675.Ragtime,1,0.4585840270337097,3.88
438,https://www.goodreads.com/book/show/428.Play_It_As_It_Lays,1,0.47466407641249797,3.88
439,https://www.goodreads.com/book/show/592657.Deliverance,1,0.4590086047616534,3.88
440,https://www.goodreads.com/book/show/1371.The_Iliad,1,0.59309998671371,3.87
441,https://www.goodreads.com/book/show/41219.Possession,1,0.6729402137779369,3.87
442,https://www.goodreads.com/book/show/56034.The_French_Lieutenant_s_Woman,1,0.464455615911468,3.87
443,https://www.goodreads.com/book/show/11762.White_Noise,1,0.5438222465624817,3.87
444,https://www.goodreads.com/book/show/641936.The_Recognition_of_akuntal_,1,0.48711340206185566,3.86
445,https://www.goodreads.com/book/show/11494.Humboldt_s_Gift,1,0.4946703513620213,3.86
446,https://www.goodreads.com/book/show/68210.Gilead,1,0.6734773168780711,3.85
447,https://www.goodreads.com/book/show/1953.A_Tale_of_Two_Cities,1,0.6390479080426453,3.85
448,https://www.goodreads.com/book/show/243381.Berlin_Alexanderplatz,1,0.6059248195170526,3.85
449,https://www.goodreads.com/book/show/59145.P_re_Goriot,1,0.47491897985064113,3.85
450,https://www.goodreads.com/book/show/12914.The_Aeneid,1,0.5080706912922295,3.85
451,https://www.goodreads.com/book/show/37398.Jazz,1,0.43502936712202206,3.84
452,https://www.goodreads.com/book/show/18212.Jacques_the_Fatalist,1,0.5283956460009466,3.83
453,https://www.goodreads.com/book/show/2183.Sentimental_Education,1,0.5462346928936458,3.83
454,https://www.goodreads.com/book/show/366524.Call_It_Sleep,1,0.5802836230558097,3.83
455,https://www.goodreads.com/book/show/6334.Never_Let_Me_Go,1,0.492679038896256,3.82
456,https://www.goodreads.com/book/show/84737.Zeno_s_Conscience,1,0.4916683197778219,3.82
457,https://www.goodreads.com/book/show/126583.Appointment_in_Samarra,1,0.4549959663478161,3.82
458,https://www.goodreads.com/book/show/3876.The_Sun_Also_Rises,1,0.5285228033628451,3.82
459,https://www.goodreads.com/book/show/115476.Nostromo,1,0.5401820838484882,3.82
460,https://www.goodreads.com/book/show/32261.Tess_of_the_D_Urbervilles,1,0.554834931556987,3.81
461,https://www.goodreads.com/book/show/11741.Housekeeping,1,0.5874049945711184,3.8
462,https://www.goodreads.com/book/show/3805.The_Corrections,1,0.5616643744504317,3.8
463,https://www.goodreads.com/book/show/20563.Adam_Bede,1,0.4651245048104131,3.8
464,https://www.goodreads.com/book/show/17150.My_ntonia,1,0.4952157102723151,3.8
465,https://www.goodreads.com/book/show/92508.The_Bridge_of_San_Luis_Rey,1,0.44994612068965517,3.8
466,https://www.goodreads.com/book/show/5797.Vanity_Fair,1,0.4963523144178463,3.79
467,https://www.goodreads.com/book/show/52786359-a-cry-to-war,1,0.875,3.79
468,https://www.goodreads.com/book/show/3711.White_Teeth,1,0.41762098033093975,3.78
469,https://www.goodreads.com/book/show/2623.Great_Expectations,1,0.5469930436083477,3.78
470,https://www.goodreads.com/book/show/6551.Herzog,1,0.45875043148084227,3.78
471,https://www.goodreads.com/book/show/1381.The_Odyssey,1,0.5484027418520434,3.77
472,https://www.goodreads.com/book/show/11324.Under_the_Net,1,0.42508969442038846,3.77
473,https://www.goodreads.com/book/show/395182.Lucky_Jim,1,0.43040040165683446,3.77
474,https://www.goodreads.com/book/show/19380.Candide,1,0.45565613170045005,3.77
475,https://www.goodreads.com/book/show/107821.Bridge_of_Sighs,1,0.33967355535079635,3.77
476,https://www.goodreads.com/book/show/27405006-all-our-wrong-todays,1,0.39267555311254637,3.76
477,https://www.goodreads.com/book/show/113441.The_Day_of_the_Locust,1,0.431770241765374,3.75
478,https://www.goodreads.com/book/show/99329.The_History_of_Tom_Jones_a_Foundling,1,0.48742036497138536,3.74
479,https://www.goodreads.com/book/show/37793.A_Doll_s_House,1,0.37384393472296856,3.74
480,https://www.goodreads.com/book/show/517188.The_Prime_of_Miss_Jean_Brodie,1,0.3692625968652477,3.74
481,https://www.goodreads.com/book/show/3707.The_Tenth_Man,1,0.23606784354447907,3.73
482,https://www.goodreads.com/book/show/9715042-therese-raquin,1,0.3840372226198998,3.72
483,https://www.goodreads.com/book/show/380364.Dog_Soldiers,1,0.3830957739434859,3.71
484,https://www.goodreads.com/book/show/18825.Money,1,0.4739626015048797,3.71
485,https://www.goodreads.com/book/show/669780.Season_of_Migration_to_the_North,1,0.4493953412872332,3.71
486,https://www.goodreads.com/book/show/1554.Oedipus_Rex,1,0.3880992920512591,3.71
487,https://www.goodreads.com/book/show/19351.The_Epic_of_Gilgamesh,1,0.41768316675847955,3.7
488,https://www.goodreads.com/book/show/40722.The_Sportswriter,1,0.40681515324576434,3.7
489,https://www.goodreads.com/book/show/43945.Portnoy_s_Complaint,1,0.4210996991951438,3.7
490,https://www.goodreads.com/book/show/18266.Gargantua_and_Pantagruel,1,0.5619098284346322,3.7
491,https://www.goodreads.com/book/show/7624.Lord_of_the_Flies,1,0.46980023466812604,3.69
492,https://www.goodreads.com/book/show/2794.The_Crying_of_Lot_49,1,0.4481323002197294,3.69
493,https://www.goodreads.com/book/show/18964701-lord-of-the-flies,1,0.4698086919801109,3.69
494,https://www.goodreads.com/book/show/54480754-antkind,1,0.5398037077426391,3.68
495,https://www.goodreads.com/book/show/45195.A_Passage_to_India,1,0.36636649763944745,3.68
496,https://www.goodreads.com/book/show/91494.The_Death_of_the_Heart,1,0.4154706883969837,3.68
497,https://www.goodreads.com/book/show/2175.Madame_Bovary,1,0.4248170010312474,3.68
498,https://www.goodreads.com/book/show/442140.Finnegans_Wake,1,0.6713762428048142,3.67
499,https://www.goodreads.com/book/show/10739.The_Moviegoer,1,0.4039825600312358,3.67
500,https://www.goodreads.com/book/show/58345.The_Awakening,1,0.4634998148722619,3.66
501,https://www.goodreads.com/book/show/722367.Falconer,1,0.3013778381525325,3.65
502,https://www.goodreads.com/book/show/70401.On_the_Road,1,0.46240784290377956,3.62
503,https://www.goodreads.com/book/show/44597.Wide_Sargasso_Sea,1,0.3490585462948134,3.59
504,https://www.goodreads.com/book/show/7733.Gulliver_s_Travels,1,0.3106164691380218,3.58
505,https://www.goodreads.com/book/show/85386.Rabbit_Run,1,0.37146222942129287,3.58
506,https://www.goodreads.com/book/show/304344.The_Man_Who_Loved_Children,1,0.55078125,3.57
507,https://www.goodreads.com/book/show/771507.Loving,1,0.4072191154041688,3.56
508,https://www.goodreads.com/book/show/2696.The_Canterbury_Tales,1,0.3133590379593474,3.5
509,https://www.goodreads.com/book/show/112510.The_Vicar_of_Wakefield,1,0.28833333333333333,3.48
510,https://www.goodreads.com/book/show/7437.Naked_Lunch,1,0.3976194904221685,3.46
511,https://www.goodreads.com/book/show/12296.The_Scarlet_Letter,1,0.30131976754711515,3.41
512,https://www.goodreads.com/book/show/830.Snow_Crash,1,0.0,0.0
